,socio1_0,socio4qde_0,socio4qnl_0,socio4quk_0,socio4qus_0,socio4qzaf_0,socio4qnzl_0,socio4qaus_0
0,United Kingdom,,,"≥ £58,172",,,,
1,United Kingdom,,,"≥ £32,277 and < £43,325",,,,
2,United Kingdom,,,"≥ £24,057 and < £32,277",,,,
3,Australia,,,,,,,"≥ AUD 105,000 and < AUD 120,000"
4,Australia,,,,,,,"≥ AUD 85,000 and < AUD 105,000"
5,United Kingdom,,,"≥ £32,277 and < £43,325",,,,
6,Australia,,,,,,,"≥ AUD 65,000 and < AUD 85,000"
7,Australia,,,,,,,"≥ AUD 85,000 and < AUD 105,000"
10,United Kingdom,,,"≥ £43,325 and < £58,172",,,,
11,Germany,Less than 27.499 EUR,,,,,,
12,Australia,,,,,,,"≥ AUD 85,000 and < AUD 105,000"
13,United Kingdom,,,"≥ £32,277 and < £43,325",,,,
14,New Zealand,,,,,,"≥ NZD 85,000 and < NZD 105,000",
15,United Kingdom,,,"≥ £24,057 and < £32,277",,,,
16,Australia,,,,,,,"≥ AUD 120,000"
17,Australia,,,,,,,"≥ AUD 85,000 and < AUD 105,000"
18,Australia,,,,,,,"≥ AUD 85,000 and < AUD 105,000"
20,United States,,,,"From $110,000 to $129,999",,,
21,Australia,,,,,,,"≥ AUD 105,000 and < AUD 120,000"
22,Australia,,,,,,,"≥ AUD 85,000 and < AUD 105,000"
23,Australia,,,,,,,"≥ AUD 105,000 and < AUD 120,000"
24,Australia,,,,,,,"≥ AUD 120,000"
25,Australia,,,,,,,"< AUD 45,000"
27,Australia,,,,,,,"≥ AUD 105,000 and < AUD 120,000"
28,United Kingdom,,,"≥ £43,325 and < £58,172",,,,
30,United Kingdom,,,"≥ £32,277 and < £43,325",,,,
32,Australia,,,,,,,"≥ AUD 105,000 and < AUD 120,000"
33,United Kingdom,,,"≥ £32,277 and < £43,325",,,,
34,Australia,,,,,,,"≥ AUD 65,000 and < AUD 85,000"
36,United States,,,,"From $90,000 to $109,999",,,
37,United Kingdom,,,"≥ £32,277 and < £43,325",,,,
38,New Zealand,,,,,,"≥ NZD 45,000 and < NZD 65,000",
39,United Kingdom,,,"≥ £32,277 and < £43,325",,,,
41,Australia,,,,,,,"≥ AUD 120,000"
42,Australia,,,,,,,"≥ AUD 85,000 and < AUD 105,000"
43,Australia,,,,,,,"≥ AUD 105,000 and < AUD 120,000"
45,Australia,,,,,,,"≥ AUD 85,000 and < AUD 105,000"
46,Australia,,,,,,,"≥ AUD 85,000 and < AUD 105,000"
47,Australia,,,,,,,"≥ AUD 85,000 and < AUD 105,000"
48,Australia,,,,,,,"≥ AUD 65,000 and < AUD 85,000"
49,Australia,,,,,,,"≥ AUD 85,000 and < AUD 105,000"
50,Australia,,,,,,,"≥ AUD 105,000 and < AUD 120,000"
51,Australia,,,,,,,"≥ AUD 85,000 and < AUD 105,000"
53,South Africa,,,,,Between R 555 601 and R 708 310,,
54,Australia,,,,,,,"≥ AUD 85,000 and < AUD 105,000"
55,Australia,,,,,,,"≥ AUD 105,000 and < AUD 120,000"
57,South Africa,,,,,Between R 708 311 and R 1 500 000,,
58,South Africa,,,,,Between R 708 311 and R 1 500 000,,
59,Australia,,,,,,,"≥ AUD 85,000 and < AUD 105,000"
61,United Kingdom,,,"≥ £58,172",,,,
62,South Africa,,,,,Between R 410 461 and R 555 600,,
64,United Kingdom,,,"≥ £32,277 and < £43,325",,,,
66,United States,,,,"From $70,000 to $89,999",,,
68,Australia,,,,,,,"≥ AUD 85,000 and < AUD 105,000"
70,New Zealand,,,,,,"≥ NZD 45,000 and < NZD 65,000",
71,Australia,,,,,,,"≥ AUD 105,000 and < AUD 120,000"
72,Australia,,,,,,,"≥ AUD 85,000 and < AUD 105,000"
73,Australia,,,,,,,"≥ AUD 105,000 and < AUD 120,000"
74,Australia,,,,,,,"≥ AUD 85,000 and < AUD 105,000"
76,Australia,,,,,,,"≥ AUD 85,000 and < AUD 105,000"
77,United Kingdom,,,"≥ £32,277 and < £43,325",,,,
78,Australia,,,,,,,"≥ AUD 65,000 and < AUD 85,000"
79,Australia,,,,,,,"≥ AUD 85,000 and < AUD 105,000"
80,Australia,,,,,,,"≥ AUD 85,000 and < AUD 105,000"
81,Australia,,,,,,,"≥ AUD 65,000 and < AUD 85,000"
82,Australia,,,,,,,"≥ AUD 85,000 and < AUD 105,000"
83,Australia,,,,,,,"≥ AUD 120,000"
85,United States,,,,"From $110,000 to $129,999",,,
86,New Zealand,,,,,,"≥ NZD 85,000 and < NZD 105,000",
87,Australia,,,,,,,"≥ AUD 85,000 and < AUD 105,000"
88,New Zealand,,,,,,"≥ NZD 65,000 and < NZD 85,000",
90,United Kingdom,,,"≥ £32,277 and < £43,325",,,,
93,United Kingdom,,,"≥ £24,057 and < £32,277",,,,
94,New Zealand,,,,,,"≥ NZD 85,000 and < NZD 105,000",
95,United States,,,,"From $70,000 to $89,999",,,
96,United Kingdom,,,"≥ £32,277 and < £43,325",,,,
97,United Kingdom,,,"≥ £32,277 and < £43,325",,,,
98,Australia,,,,,,,"≥ AUD 65,000 and < AUD 85,000"
99,United Kingdom,,,"≥ £18,031 and < £24,057",,,,
100,Germany,Prefer not to say,,,,,,
101,Germany,Between 66.000 and 76.999 EUR,,,,,,
102,Australia,,,,,,,"≥ AUD 85,000 and < AUD 105,000"
103,Australia,,,,,,,"≥ AUD 105,000 and < AUD 120,000"
104,Australia,,,,,,,"≥ AUD 105,000 and < AUD 120,000"
105,Australia,,,,,,,"≥ AUD 105,000 and < AUD 120,000"
106,Australia,,,,,,,"≥ AUD 85,000 and < AUD 105,000"
107,Australia,,,,,,,"< AUD 45,000"
109,Australia,,,,,,,"≥ AUD 45,000 and < AUD 65,000"
110,Australia,,,,,,,"≥ AUD 120,000"
111,Australia,,,,,,,"≥ AUD 45,000 and < AUD 65,000"
112,Australia,,,,,,,"≥ AUD 85,000 and < AUD 105,000"
114,United Kingdom,,,"< £18,031",,,,
115,Australia,,,,,,,"≥ AUD 85,000 and < AUD 105,000"
117,Australia,,,,,,,"≥ AUD 120,000"
119,United States,,,,"From $130,000 to $149,999",,,
120,New Zealand,,,,,,"≥ NZD 105,000 and < NZD 120,000",
121,Australia,,,,,,,"≥ AUD 85,000 and < AUD 105,000"
124,Netherlands,,Between 44.000 and 49.999 EUR,,,,,
125,Germany,Less than 27.499 EUR,,,,,,
128,United States,,,,"From $90,000 to $109,999",,,
129,Germany,Prefer not to say,,,,,,
130,Australia,,,,,,,"≥ AUD 105,000 and < AUD 120,000"
131,Germany,Between 55.000 and 65.999 EUR,,,,,,
132,Germany,Between 44.000 and 49.999 EUR,,,,,,
135,United Kingdom,,,"≥ £43,325 and < £58,172",,,,
136,United Kingdom,,,"≥ £43,325 and < £58,172",,,,
137,United Kingdom,,,"≥ £43,325 and < £58,172",,,,
138,United Kingdom,,,"≥ £43,325 and < £58,172",,,,
139,Germany,Between 77.000 and 109.999 EUR,,,,,,
140,United Kingdom,,,"≥ £24,057 and < £32,277",,,,
142,United Kingdom,,,"≥ £32,277 and < £43,325",,,,
143,United Kingdom,,,"≥ £58,172",,,,
144,United Kingdom,,,"≥ £32,277 and < £43,325",,,,
145,United Kingdom,,,"≥ £43,325 and < £58,172",,,,
146,United Kingdom,,,"≥ £43,325 and < £58,172",,,,
147,United Kingdom,,,"≥ £32,277 and < £43,325",,,,
148,United Kingdom,,,"≥ £32,277 and < £43,325",,,,
149,United Kingdom,,,"≥ £32,277 and < £43,325",,,,
150,United Kingdom,,,"≥ £32,277 and < £43,325",,,,
153,United Kingdom,,,"≥ £32,277 and < £43,325",,,,
154,United Kingdom,,,"≥ £32,277 and < £43,325",,,,
156,United Kingdom,,,"≥ £43,325 and < £58,172",,,,
158,United Kingdom,,,"≥ £43,325 and < £58,172",,,,
159,United Kingdom,,,"≥ £32,277 and < £43,325",,,,
160,United Kingdom,,,"≥ £32,277 and < £43,325",,,,
161,Germany,Between 44.000 and 49.999 EUR,,,,,,
162,United Kingdom,,,"≥ £43,325 and < £58,172",,,,
163,United Kingdom,,,"≥ £43,325 and < £58,172",,,,
164,United Kingdom,,,"≥ £32,277 and < £43,325",,,,
165,United Kingdom,,,"≥ £32,277 and < £43,325",,,,
166,United Kingdom,,,"≥ £32,277 and < £43,325",,,,
167,United Kingdom,,,"≥ £43,325 and < £58,172",,,,
168,United Kingdom,,,"≥ £32,277 and < £43,325",,,,
169,United Kingdom,,,"≥ £32,277 and < £43,325",,,,
170,United Kingdom,,,"≥ £24,057 and < £32,277",,,,
171,United Kingdom,,,"≥ £43,325 and < £58,172",,,,
172,United Kingdom,,,"≥ £32,277 and < £43,325",,,,
174,United Kingdom,,,"≥ £32,277 and < £43,325",,,,
175,United Kingdom,,,"≥ £24,057 and < £32,277",,,,
176,United Kingdom,,,"≥ £32,277 and < £43,325",,,,
177,United Kingdom,,,"≥ £32,277 and < £43,325",,,,
178,United Kingdom,,,"≥ £43,325 and < £58,172",,,,
179,United Kingdom,,,"≥ £58,172",,,,
180,United Kingdom,,,"≥ £24,057 and < £32,277",,,,
182,United Kingdom,,,"≥ £32,277 and < £43,325",,,,
183,United Kingdom,,,"≥ £18,031 and < £24,057",,,,
184,United Kingdom,,,"≥ £24,057 and < £32,277",,,,
185,United Kingdom,,,"≥ £32,277 and < £43,325",,,,
186,United Kingdom,,,"≥ £43,325 and < £58,172",,,,
187,United States,,,,"From $90,000 to $109,999",,,
188,United Kingdom,,,"≥ £32,277 and < £43,325",,,,
189,United Kingdom,,,"≥ £32,277 and < £43,325",,,,
192,United Kingdom,,,"≥ £43,325 and < £58,172",,,,
194,United Kingdom,,,"≥ £32,277 and < £43,325",,,,
195,United Kingdom,,,"≥ £43,325 and < £58,172",,,,
196,United Kingdom,,,"≥ £32,277 and < £43,325",,,,
198,United States,,,,"From $70,000 to $89,999",,,
199,United Kingdom,,,"≥ £32,277 and < £43,325",,,,
200,Germany,Between 55.000 and 65.999 EUR,,,,,,
201,United Kingdom,,,"≥ £32,277 and < £43,325",,,,
202,United Kingdom,,,"≥ £32,277 and < £43,325",,,,
203,United Kingdom,,,"≥ £24,057 and < £32,277",,,,
204,United Kingdom,,,"≥ £58,172",,,,
205,United Kingdom,,,"≥ £43,325 and < £58,172",,,,
206,United Kingdom,,,"≥ £24,057 and < £32,277",,,,
207,United Kingdom,,,"≥ £32,277 and < £43,325",,,,
208,United Kingdom,,,"≥ £32,277 and < £43,325",,,,
209,United Kingdom,,,"≥ £32,277 and < £43,325",,,,
210,United Kingdom,,,"≥ £32,277 and < £43,325",,,,
211,United Kingdom,,,"≥ £32,277 and < £43,325",,,,
212,United Kingdom,,,"≥ £32,277 and < £43,325",,,,
213,United Kingdom,,,"≥ £32,277 and < £43,325",,,,
214,United Kingdom,,,"≥ £43,325 and < £58,172",,,,
215,United Kingdom,,,"≥ £32,277 and < £43,325",,,,
216,United Kingdom,,,"≥ £32,277 and < £43,325",,,,
217,United Kingdom,,,"≥ £32,277 and < £43,325",,,,
218,United States,,,,"From $110,000 to $129,999",,,
219,Australia,,,,,,,"≥ AUD 105,000 and < AUD 120,000"
222,United Kingdom,,,"≥ £43,325 and < £58,172",,,,
223,United Kingdom,,,"< £18,031",,,,
225,United States,,,,"From $70,000 to $89,999",,,
226,United Kingdom,,,"≥ £43,325 and < £58,172",,,,
227,United Kingdom,,,"≥ £32,277 and < £43,325",,,,
228,United Kingdom,,,"≥ £32,277 and < £43,325",,,,
229,United States,,,,"More than $150,000",,,
230,United Kingdom,,,"≥ £32,277 and < £43,325",,,,
232,United States,,,,"From $30,000 to $49,999",,,
233,United Kingdom,,,"≥ £58,172",,,,
234,United Kingdom,,,"≥ £32,277 and < £43,325",,,,
235,United Kingdom,,,"≥ £43,325 and < £58,172",,,,
236,United Kingdom,,,"≥ £32,277 and < £43,325",,,,
238,United Kingdom,,,"≥ £32,277 and < £43,325",,,,
239,United Kingdom,,,"≥ £43,325 and < £58,172",,,,
240,United Kingdom,,,"≥ £32,277 and < £43,325",,,,
241,United Kingdom,,,"≥ £24,057 and < £32,277",,,,
242,United Kingdom,,,"≥ £24,057 and < £32,277",,,,
243,United Kingdom,,,"≥ £43,325 and < £58,172",,,,
244,United Kingdom,,,"≥ £43,325 and < £58,172",,,,
245,United Kingdom,,,"≥ £58,172",,,,
246,United States,,,,"From $90,000 to $109,999",,,
248,United Kingdom,,,"< £18,031",,,,
249,United Kingdom,,,"≥ £32,277 and < £43,325",,,,
250,Germany,Between 50.000 and 54.999 EUR,,,,,,
251,Germany,Between 50.000 and 54.999 EUR,,,,,,
252,United Kingdom,,,"≥ £43,325 and < £58,172",,,,
253,United Kingdom,,,"≥ £32,277 and < £43,325",,,,
254,United Kingdom,,,"≥ £32,277 and < £43,325",,,,
255,United Kingdom,,,"≥ £32,277 and < £43,325",,,,
256,United Kingdom,,,"≥ £24,057 and < £32,277",,,,
257,United Kingdom,,,"≥ £32,277 and < £43,325",,,,
258,United Kingdom,,,"≥ £32,277 and < £43,325",,,,
260,United Kingdom,,,"≥ £43,325 and < £58,172",,,,
261,Germany,Between 33.000 and 38.499 EUR,,,,,,
264,United States,,,,"More than $150,000",,,
265,Germany,Between 66.000 and 76.999 EUR,,,,,,
266,United States,,,,"From $70,000 to $89,999",,,
268,Netherlands,,Between 55.000 and 65.999 EUR,,,,,
269,United Kingdom,,,"≥ £58,172",,,,
270,New Zealand,,,,,,"≥ NZD 85,000 and < NZD 105,000",
271,United Kingdom,,,"≥ £24,057 and < £32,277",,,,
272,United Kingdom,,,"≥ £32,277 and < £43,325",,,,
274,United Kingdom,,,"≥ £32,277 and < £43,325",,,,
275,United Kingdom,,,"≥ £43,325 and < £58,172",,,,
276,United Kingdom,,,"≥ £32,277 and < £43,325",,,,
279,United Kingdom,,,"≥ £43,325 and < £58,172",,,,
281,United Kingdom,,,"≥ £24,057 and < £32,277",,,,
282,United Kingdom,,,"≥ £24,057 and < £32,277",,,,
283,United Kingdom,,,"≥ £43,325 and < £58,172",,,,
285,United Kingdom,,,"≥ £32,277 and < £43,325",,,,
286,Australia,,,,,,,"≥ AUD 120,000"
287,United Kingdom,,,"≥ £32,277 and < £43,325",,,,
288,United Kingdom,,,"≥ £43,325 and < £58,172",,,,
289,United Kingdom,,,"≥ £32,277 and < £43,325",,,,
290,New Zealand,,,,,,"≥ NZD 85,000 and < NZD 105,000",
291,New Zealand,,,,,,"≥ NZD 85,000 and < NZD 105,000",
292,New Zealand,,,,,,"≥ NZD 85,000 and < NZD 105,000",
293,United Kingdom,,,"≥ £43,325 and < £58,172",,,,
294,Netherlands,,Between 77.000 and 109.999 EUR,,,,,
295,United Kingdom,,,"≥ £32,277 and < £43,325",,,,
296,United Kingdom,,,"< £18,031",,,,
297,United States,,,,"More than $150,000",,,
298,United Kingdom,,,"≥ £43,325 and < £58,172",,,,
299,United Kingdom,,,"≥ £32,277 and < £43,325",,,,
300,Australia,,,,,,,"≥ AUD 65,000 and < AUD 85,000"
301,New Zealand,,,,,,"< NZD 45,000",
302,New Zealand,,,,,,"< NZD 45,000",
303,United Kingdom,,,"≥ £32,277 and < £43,325",,,,
304,United Kingdom,,,"≥ £32,277 and < £43,325",,,,
306,United Kingdom,,,"≥ £32,277 and < £43,325",,,,
307,United Kingdom,,,"≥ £32,277 and < £43,325",,,,
308,United Kingdom,,,"≥ £43,325 and < £58,172",,,,
309,United Kingdom,,,"≥ £32,277 and < £43,325",,,,
310,United Kingdom,,,"≥ £32,277 and < £43,325",,,,
311,United Kingdom,,,"≥ £43,325 and < £58,172",,,,
312,United Kingdom,,,"≥ £24,057 and < £32,277",,,,
314,United Kingdom,,,"< £18,031",,,,
316,United Kingdom,,,"≥ £32,277 and < £43,325",,,,
318,Australia,,,,,,,"≥ AUD 105,000 and < AUD 120,000"
319,United Kingdom,,,"≥ £32,277 and < £43,325",,,,
320,United Kingdom,,,"≥ £32,277 and < £43,325",,,,
321,United Kingdom,,,"≥ £43,325 and < £58,172",,,,
322,Netherlands,,Prefer not to say,,,,,
323,United Kingdom,,,"< £18,031",,,,
324,United Kingdom,,,"≥ £58,172",,,,
325,United Kingdom,,,"≥ £58,172",,,,
326,United States,,,,"From $50,000 to $69,999",,,
327,Netherlands,,Between 44.000 and 49.999 EUR,,,,,
331,Netherlands,,Between 55.000 and 65.999 EUR,,,,,
332,United Kingdom,,,"≥ £43,325 and < £58,172",,,,
335,United Kingdom,,,"≥ £32,277 and < £43,325",,,,
336,United Kingdom,,,"≥ £32,277 and < £43,325",,,,
339,Netherlands,,Between 38.500 and 43.999 EUR,,,,,
341,Netherlands,,Between 38.500 and 43.999 EUR,,,,,
342,United Kingdom,,,"≥ £58,172",,,,
343,Netherlands,,Prefer not to say,,,,,
344,Netherlands,,Between 44.000 and 49.999 EUR,,,,,
345,United Kingdom,,,"≥ £32,277 and < £43,325",,,,
348,United Kingdom,,,"≥ £43,325 and < £58,172",,,,
349,United Kingdom,,,"≥ £32,277 and < £43,325",,,,
352,United Kingdom,,,"≥ £32,277 and < £43,325",,,,
353,United Kingdom,,,"≥ £58,172",,,,
354,United Kingdom,,,"≥ £32,277 and < £43,325",,,,
356,United Kingdom,,,"≥ £24,057 and < £32,277",,,,
357,United Kingdom,,,"≥ £32,277 and < £43,325",,,,
359,United Kingdom,,,"< £18,031",,,,
360,United Kingdom,,,"≥ £24,057 and < £32,277",,,,
361,United Kingdom,,,"≥ £32,277 and < £43,325",,,,
362,United Kingdom,,,"≥ £32,277 and < £43,325",,,,
364,United States,,,,"More than $150,000",,,
366,Netherlands,,Between 38.500 and 43.999 EUR,,,,,
367,New Zealand,,,,,,"≥ NZD 45,000 and < NZD 65,000",
368,New Zealand,,,,,,"≥ NZD 85,000 and < NZD 105,000",
369,New Zealand,,,,,,"≥ NZD 65,000 and < NZD 85,000",
370,New Zealand,,,,,,"≥ NZD 85,000 and < NZD 105,000",
371,Netherlands,,Between 27.500 and 32.999 EUR,,,,,
372,Netherlands,,Between 55.000 and 65.999 EUR,,,,,
374,Netherlands,,Between 44.000 and 49.999 EUR,,,,,
375,Netherlands,,Between 27.500 and 32.999 EUR,,,,,
376,Netherlands,,Between 50.000 and 54.999 EUR,,,,,
377,Netherlands,,Between 44.000 and 49.999 EUR,,,,,
378,Netherlands,,Prefer not to say,,,,,
379,Netherlands,,Between 38.500 and 43.999 EUR,,,,,
380,Netherlands,,Between 66.000 and 76.999 EUR,,,,,
381,Netherlands,,Between 33.000 and 38.499 EUR,,,,,
382,Netherlands,,Between 33.000 and 38.499 EUR,,,,,
383,Germany,Between 44.000 and 49.999 EUR,,,,,,
384,United Kingdom,,,"≥ £43,325 and < £58,172",,,,
385,Netherlands,,Between 33.000 and 38.499 EUR,,,,,
386,Netherlands,,Prefer not to say,,,,,
387,Netherlands,,Between 44.000 and 49.999 EUR,,,,,
388,New Zealand,,,,,,"≥ NZD 45,000 and < NZD 65,000",
389,Germany,Between 50.000 and 54.999 EUR,,,,,,
390,Germany,Prefer not to say,,,,,,
391,Germany,Between 44.000 and 49.999 EUR,,,,,,
392,United Kingdom,,,"≥ £43,325 and < £58,172",,,,
393,Germany,Between 55.000 and 65.999 EUR,,,,,,
394,Germany,Between 50.000 and 54.999 EUR,,,,,,
396,Germany,Between 50.000 and 54.999 EUR,,,,,,
397,Germany,Between 50.000 and 54.999 EUR,,,,,,
398,Germany,Between 38.500 and 43.999 EUR,,,,,,
399,Germany,Between 33.000 and 38.499 EUR,,,,,,
400,Germany,Between 55.000 and 65.999 EUR,,,,,,
401,Germany,Between 77.000 and 109.999 EUR,,,,,,
402,Germany,Between 44.000 and 49.999 EUR,,,,,,
404,Germany,Between 55.000 and 65.999 EUR,,,,,,
406,Germany,Between 44.000 and 49.999 EUR,,,,,,
407,Germany,Between 33.000 and 38.499 EUR,,,,,,
408,Germany,Prefer not to say,,,,,,
409,Germany,Between 44.000 and 49.999 EUR,,,,,,
410,Germany,Between 33.000 and 38.499 EUR,,,,,,
411,Germany,Between 55.000 and 65.999 EUR,,,,,,
412,Germany,Between 38.500 and 43.999 EUR,,,,,,
413,United Kingdom,,,"≥ £43,325 and < £58,172",,,,
414,Germany,Between 55.000 and 65.999 EUR,,,,,,
415,United Kingdom,,,"≥ £32,277 and < £43,325",,,,
417,Germany,Between 50.000 and 54.999 EUR,,,,,,
419,Germany,Between 33.000 and 38.499 EUR,,,,,,
420,Germany,Between 50.000 and 54.999 EUR,,,,,,
421,Germany,Less than 27.499 EUR,,,,,,
422,Germany,Between 33.000 and 38.499 EUR,,,,,,
423,Germany,Between 55.000 and 65.999 EUR,,,,,,
424,Germany,Between 33.000 and 38.499 EUR,,,,,,
425,New Zealand,,,,,,"≥ NZD 85,000 and < NZD 105,000",
426,Australia,,,,,,,"≥ AUD 85,000 and < AUD 105,000"
427,Germany,Between 50.000 and 54.999 EUR,,,,,,
428,Germany,Between 38.500 and 43.999 EUR,,,,,,
430,Germany,Between 27.500 and 32.999 EUR,,,,,,
431,Germany,Between 55.000 and 65.999 EUR,,,,,,
432,Germany,Between 44.000 and 49.999 EUR,,,,,,
433,Germany,Between 55.000 and 65.999 EUR,,,,,,
434,Germany,Between 44.000 and 49.999 EUR,,,,,,
435,Germany,Less than 27.499 EUR,,,,,,
436,Germany,Between 55.000 and 65.999 EUR,,,,,,
437,Germany,Prefer not to say,,,,,,
439,Germany,Less than 27.499 EUR,,,,,,
440,Germany,Between 55.000 and 65.999 EUR,,,,,,
441,Germany,Between 55.000 and 65.999 EUR,,,,,,
442,Germany,Between 50.000 and 54.999 EUR,,,,,,
443,Germany,Between 44.000 and 49.999 EUR,,,,,,
444,Germany,Between 38.500 and 43.999 EUR,,,,,,
445,Germany,Between 55.000 and 65.999 EUR,,,,,,
447,Germany,Between 27.500 and 32.999 EUR,,,,,,
449,Germany,Between 50.000 and 54.999 EUR,,,,,,
451,Germany,Between 55.000 and 65.999 EUR,,,,,,
452,Germany,Between 38.500 and 43.999 EUR,,,,,,
453,Germany,Between 50.000 and 54.999 EUR,,,,,,
455,Germany,Between 38.500 and 43.999 EUR,,,,,,
456,Germany,Less than 27.499 EUR,,,,,,
457,Germany,Between 66.000 and 76.999 EUR,,,,,,
459,Germany,Between 50.000 and 54.999 EUR,,,,,,
460,Germany,Less than 27.499 EUR,,,,,,
461,Germany,Between 55.000 and 65.999 EUR,,,,,,
462,Germany,Between 66.000 and 76.999 EUR,,,,,,
463,Germany,Between 27.500 and 32.999 EUR,,,,,,
464,Germany,Between 50.000 and 54.999 EUR,,,,,,
467,Germany,Prefer not to say,,,,,,
468,Germany,Between 38.500 and 43.999 EUR,,,,,,
470,Germany,Less than 27.499 EUR,,,,,,
472,Germany,Prefer not to say,,,,,,
473,Germany,Between 55.000 and 65.999 EUR,,,,,,
474,Germany,Less than 27.499 EUR,,,,,,
475,Germany,Between 50.000 and 54.999 EUR,,,,,,
476,Germany,Between 44.000 and 49.999 EUR,,,,,,
478,Germany,Between 44.000 and 49.999 EUR,,,,,,
479,Germany,Less than 27.499 EUR,,,,,,
480,Germany,Prefer not to say,,,,,,
481,Germany,Less than 27.499 EUR,,,,,,
482,Germany,Prefer not to say,,,,,,
483,Germany,Prefer not to say,,,,,,
484,Germany,Between 66.000 and 76.999 EUR,,,,,,
485,Germany,Between 44.000 and 49.999 EUR,,,,,,
487,Germany,Between 44.000 and 49.999 EUR,,,,,,
488,Germany,Between 55.000 and 65.999 EUR,,,,,,
489,Germany,Prefer not to say,,,,,,
490,Germany,Between 50.000 and 54.999 EUR,,,,,,
492,Germany,Between 44.000 and 49.999 EUR,,,,,,
493,Germany,Between 55.000 and 65.999 EUR,,,,,,
494,Germany,Between 50.000 and 54.999 EUR,,,,,,
495,Germany,Between 77.000 and 109.999 EUR,,,,,,
496,Germany,Less than 27.499 EUR,,,,,,
497,Germany,Between 38.500 and 43.999 EUR,,,,,,
498,Germany,Between 55.000 and 65.999 EUR,,,,,,
499,Germany,Less than 27.499 EUR,,,,,,
500,Germany,Prefer not to say,,,,,,
501,Germany,Between 44.000 and 49.999 EUR,,,,,,
502,Germany,Between 66.000 and 76.999 EUR,,,,,,
503,Germany,Between 66.000 and 76.999 EUR,,,,,,
505,Germany,Between 50.000 and 54.999 EUR,,,,,,
506,Germany,Between 27.500 and 32.999 EUR,,,,,,
508,Germany,Prefer not to say,,,,,,
509,Germany,Between 44.000 and 49.999 EUR,,,,,,
511,Germany,Prefer not to say,,,,,,
512,Germany,Less than 27.499 EUR,,,,,,
513,Germany,Between 44.000 and 49.999 EUR,,,,,,
514,Germany,Between 38.500 and 43.999 EUR,,,,,,
515,Germany,Between 27.500 and 32.999 EUR,,,,,,
516,Germany,Between 38.500 and 43.999 EUR,,,,,,
519,Germany,Between 38.500 and 43.999 EUR,,,,,,
520,Germany,Between 55.000 and 65.999 EUR,,,,,,
521,Germany,Between 77.000 and 109.999 EUR,,,,,,
522,Germany,Between 33.000 and 38.499 EUR,,,,,,
525,Netherlands,,Between 55.000 and 65.999 EUR,,,,,
526,United Kingdom,,,"≥ £43,325 and < £58,172",,,,
527,New Zealand,,,,,,"≥ NZD 85,000 and < NZD 105,000",
529,New Zealand,,,,,,"< NZD 45,000",
530,New Zealand,,,,,,"≥ NZD 105,000 and < NZD 120,000",
531,Germany,Between 77.000 and 109.999 EUR,,,,,,
532,New Zealand,,,,,,"≥ NZD 85,000 and < NZD 105,000",
534,Germany,Between 66.000 and 76.999 EUR,,,,,,
535,Germany,Between 50.000 and 54.999 EUR,,,,,,
536,Germany,Between 38.500 and 43.999 EUR,,,,,,
537,Germany,Between 55.000 and 65.999 EUR,,,,,,
538,Germany,Between 66.000 and 76.999 EUR,,,,,,
539,Germany,Between 50.000 and 54.999 EUR,,,,,,
540,Germany,Between 44.000 and 49.999 EUR,,,,,,
541,Germany,Between 55.000 and 65.999 EUR,,,,,,
542,Germany,Prefer not to say,,,,,,
543,Germany,Between 44.000 and 49.999 EUR,,,,,,
544,Germany,Between 55.000 and 65.999 EUR,,,,,,
545,Germany,Between 55.000 and 65.999 EUR,,,,,,
546,Germany,Between 27.500 and 32.999 EUR,,,,,,
547,Germany,Between 50.000 and 54.999 EUR,,,,,,
549,Germany,Between 55.000 and 65.999 EUR,,,,,,
550,Germany,Between 38.500 and 43.999 EUR,,,,,,
551,Germany,Between 50.000 and 54.999 EUR,,,,,,
553,Germany,Between 50.000 and 54.999 EUR,,,,,,
554,Germany,Between 38.500 and 43.999 EUR,,,,,,
555,Germany,Between 44.000 and 49.999 EUR,,,,,,
556,Germany,Between 55.000 and 65.999 EUR,,,,,,
557,Germany,Between 44.000 and 49.999 EUR,,,,,,
559,Germany,Between 50.000 and 54.999 EUR,,,,,,
560,Germany,Between 50.000 and 54.999 EUR,,,,,,
561,Germany,Between 44.000 and 49.999 EUR,,,,,,
562,Germany,Between 33.000 and 38.499 EUR,,,,,,
563,Germany,Between 55.000 and 65.999 EUR,,,,,,
564,Germany,Between 38.500 and 43.999 EUR,,,,,,
565,Germany,Between 55.000 and 65.999 EUR,,,,,,
566,Germany,Less than 27.499 EUR,,,,,,
567,Germany,Between 66.000 and 76.999 EUR,,,,,,
568,Germany,Between 55.000 and 65.999 EUR,,,,,,
571,Germany,Between 38.500 and 43.999 EUR,,,,,,
572,Germany,Between 77.000 and 109.999 EUR,,,,,,
573,Germany,Between 38.500 and 43.999 EUR,,,,,,
574,Germany,Between 66.000 and 76.999 EUR,,,,,,
575,Germany,Between 50.000 and 54.999 EUR,,,,,,
577,Germany,Between 44.000 and 49.999 EUR,,,,,,
578,Germany,Between 55.000 and 65.999 EUR,,,,,,
579,Germany,Between 50.000 and 54.999 EUR,,,,,,
580,Germany,Between 44.000 and 49.999 EUR,,,,,,
582,Germany,Prefer not to say,,,,,,
583,Germany,Less than 27.499 EUR,,,,,,
584,Germany,Between 50.000 and 54.999 EUR,,,,,,
585,Germany,Between 44.000 and 49.999 EUR,,,,,,
588,Germany,Between 50.000 and 54.999 EUR,,,,,,
589,Germany,Between 55.000 and 65.999 EUR,,,,,,
590,United States,,,,"From $50,000 to $69,999",,,
591,United States,,,,"From $50,000 to $69,999",,,
592,Germany,Between 66.000 and 76.999 EUR,,,,,,
595,Germany,Between 44.000 and 49.999 EUR,,,,,,
596,Germany,Between 33.000 and 38.499 EUR,,,,,,
597,South Africa,,,,,Between R 410 461 and R 555 600,,
598,Germany,Less than 27.499 EUR,,,,,,
600,United States,,,,"Less than $30,000",,,
602,United Kingdom,,,"≥ £58,172",,,,
603,Germany,Between 44.000 and 49.999 EUR,,,,,,
604,Germany,Between 55.000 and 65.999 EUR,,,,,,
605,Germany,Between 38.500 and 43.999 EUR,,,,,,
606,Germany,Between 33.000 and 38.499 EUR,,,,,,
607,Germany,Between 50.000 and 54.999 EUR,,,,,,
608,Germany,Between 66.000 and 76.999 EUR,,,,,,
609,Germany,Between 50.000 and 54.999 EUR,,,,,,
610,Germany,Between 27.500 and 32.999 EUR,,,,,,
611,Germany,Less than 27.499 EUR,,,,,,
612,Germany,Between 44.000 and 49.999 EUR,,,,,,
613,Germany,Prefer not to say,,,,,,
614,Germany,Prefer not to say,,,,,,
615,New Zealand,,,,,,"≥ NZD 65,000 and < NZD 85,000",
616,Germany,Between 38.500 and 43.999 EUR,,,,,,
617,Germany,Between 44.000 and 49.999 EUR,,,,,,
618,Germany,Between 55.000 and 65.999 EUR,,,,,,
619,Germany,Between 38.500 and 43.999 EUR,,,,,,
620,Germany,Between 77.000 and 109.999 EUR,,,,,,
621,Germany,Between 27.500 and 32.999 EUR,,,,,,
622,Germany,Prefer not to say,,,,,,
623,Germany,Prefer not to say,,,,,,
624,Germany,Less than 27.499 EUR,,,,,,
625,Germany,Prefer not to say,,,,,,
628,Germany,Less than 27.499 EUR,,,,,,
629,Germany,Between 66.000 and 76.999 EUR,,,,,,
630,Germany,Between 66.000 and 76.999 EUR,,,,,,
631,Germany,Between 33.000 and 38.499 EUR,,,,,,
632,Netherlands,,Between 50.000 and 54.999 EUR,,,,,
633,Germany,Less than 27.499 EUR,,,,,,
634,Germany,Prefer not to say,,,,,,
635,Germany,Prefer not to say,,,,,,
636,Germany,Between 55.000 and 65.999 EUR,,,,,,
637,Germany,Prefer not to say,,,,,,
638,New Zealand,,,,,,"≥ NZD 105,000 and < NZD 120,000",
639,Germany,Between 66.000 and 76.999 EUR,,,,,,
640,Germany,Less than 27.499 EUR,,,,,,
641,Germany,Between 33.000 and 38.499 EUR,,,,,,
642,Germany,Between 66.000 and 76.999 EUR,,,,,,
643,United States,,,,"From $90,000 to $109,999",,,
644,United States,,,,"From $50,000 to $69,999",,,
645,United States,,,,"Less than $30,000",,,
646,United States,,,,"From $110,000 to $129,999",,,
647,United States,,,,"From $110,000 to $129,999",,,
649,United States,,,,"Less than $30,000",,,
650,United States,,,,"From $90,000 to $109,999",,,
651,United States,,,,"From $90,000 to $109,999",,,
652,United States,,,,"From $70,000 to $89,999",,,
654,United States,,,,"From $30,000 to $49,999",,,
655,United States,,,,Prefer not to say,,,
659,United States,,,,"From $110,000 to $129,999",,,
660,United States,,,,"From $50,000 to $69,999",,,
662,Germany,Between 50.000 and 54.999 EUR,,,,,,
663,United States,,,,"From $50,000 to $69,999",,,
667,United Kingdom,,,"≥ £32,277 and < £43,325",,,,
668,United States,,,,"From $130,000 to $149,999",,,
669,United States,,,,"From $110,000 to $129,999",,,
670,United States,,,,"More than $150,000",,,
672,United States,,,,"From $30,000 to $49,999",,,
673,Germany,Between 50.000 and 54.999 EUR,,,,,,
674,Germany,Between 77.000 and 109.999 EUR,,,,,,
675,Germany,Between 66.000 and 76.999 EUR,,,,,,
677,United States,,,,"Less than $30,000",,,
678,United States,,,,"From $70,000 to $89,999",,,
681,United States,,,,"From $70,000 to $89,999",,,
682,Germany,Between 55.000 and 65.999 EUR,,,,,,
683,United States,,,,"From $50,000 to $69,999",,,
684,United States,,,,"From $30,000 to $49,999",,,
686,United States,,,,"From $90,000 to $109,999",,,
687,United States,,,,"From $130,000 to $149,999",,,
688,United Kingdom,,,"≥ £32,277 and < £43,325",,,,
689,United States,,,,"From $110,000 to $129,999",,,
690,Germany,Less than 27.499 EUR,,,,,,
691,United States,,,,"From $90,000 to $109,999",,,
692,United States,,,,"From $130,000 to $149,999",,,
693,United States,,,,"From $30,000 to $49,999",,,
695,United States,,,,"From $70,000 to $89,999",,,
696,United States,,,,"From $50,000 to $69,999",,,
697,Germany,Between 27.500 and 32.999 EUR,,,,,,
699,United States,,,,"From $130,000 to $149,999",,,
701,United States,,,,Prefer not to say,,,
702,United States,,,,"From $110,000 to $129,999",,,
704,United States,,,,"From $70,000 to $89,999",,,
705,United States,,,,"From $70,000 to $89,999",,,
707,Germany,Between 50.000 and 54.999 EUR,,,,,,
708,United States,,,,"From $110,000 to $129,999",,,
709,United States,,,,"From $50,000 to $69,999",,,
710,United States,,,,"From $110,000 to $129,999",,,
712,Germany,Between 55.000 and 65.999 EUR,,,,,,
713,Germany,Between 38.500 and 43.999 EUR,,,,,,
714,United States,,,,"From $110,000 to $129,999",,,
717,United Kingdom,,,"≥ £24,057 and < £32,277",,,,
718,United Kingdom,,,"< £18,031",,,,
719,Germany,Between 55.000 and 65.999 EUR,,,,,,
721,United Kingdom,,,"≥ £32,277 and < £43,325",,,,
722,United Kingdom,,,"≥ £43,325 and < £58,172",,,,
723,Netherlands,,Between 27.500 and 32.999 EUR,,,,,
724,United Kingdom,,,"≥ £43,325 and < £58,172",,,,
725,United Kingdom,,,"≥ £18,031 and < £24,057",,,,
728,Germany,Between 66.000 and 76.999 EUR,,,,,,
729,United Kingdom,,,"≥ £32,277 and < £43,325",,,,
730,Germany,Between 55.000 and 65.999 EUR,,,,,,
733,Germany,Between 50.000 and 54.999 EUR,,,,,,
734,Germany,Between 50.000 and 54.999 EUR,,,,,,
735,Germany,Between 55.000 and 65.999 EUR,,,,,,
736,Germany,Between 66.000 and 76.999 EUR,,,,,,
737,United States,,,,"From $50,000 to $69,999",,,
738,United States,,,,"From $90,000 to $109,999",,,
739,United States,,,,"From $50,000 to $69,999",,,
740,United States,,,,"From $110,000 to $129,999",,,
741,United States,,,,"From $90,000 to $109,999",,,
742,Germany,Between 55.000 and 65.999 EUR,,,,,,
743,Germany,Prefer not to say,,,,,,
744,United States,,,,"From $70,000 to $89,999",,,
745,United States,,,,"From $90,000 to $109,999",,,
746,United States,,,,"From $110,000 to $129,999",,,
747,United States,,,,"From $70,000 to $89,999",,,
748,United States,,,,"More than $150,000",,,
750,United States,,,,"From $110,000 to $129,999",,,
751,United States,,,,"From $70,000 to $89,999",,,
753,United States,,,,"From $30,000 to $49,999",,,
754,United States,,,,"From $90,000 to $109,999",,,
755,United States,,,,"From $110,000 to $129,999",,,
756,United States,,,,"From $70,000 to $89,999",,,
757,United States,,,,"From $90,000 to $109,999",,,
758,United States,,,,"From $30,000 to $49,999",,,
759,United States,,,,"From $110,000 to $129,999",,,
760,United States,,,,"From $50,000 to $69,999",,,
761,United States,,,,"From $50,000 to $69,999",,,
762,United States,,,,"From $110,000 to $129,999",,,
763,United States,,,,"More than $150,000",,,
764,United States,,,,"From $110,000 to $129,999",,,
765,United States,,,,"From $50,000 to $69,999",,,
766,United States,,,,"More than $150,000",,,
768,United States,,,,"From $50,000 to $69,999",,,
769,United States,,,,"From $30,000 to $49,999",,,
770,United States,,,,"From $90,000 to $109,999",,,
771,United States,,,,Prefer not to say,,,
772,United States,,,,"From $90,000 to $109,999",,,
773,United States,,,,"From $70,000 to $89,999",,,
777,United Kingdom,,,"≥ £58,172",,,,
778,United States,,,,"From $50,000 to $69,999",,,
779,New Zealand,,,,,,"≥ NZD 85,000 and < NZD 105,000",
780,United Kingdom,,,"≥ £18,031 and < £24,057",,,,
781,United States,,,,"From $110,000 to $129,999",,,
782,United States,,,,"From $90,000 to $109,999",,,
783,Australia,,,,,,,"≥ AUD 105,000 and < AUD 120,000"
784,United States,,,,"From $110,000 to $129,999",,,
785,United States,,,,"From $90,000 to $109,999",,,
786,United States,,,,"From $110,000 to $129,999",,,
787,Germany,Between 44.000 and 49.999 EUR,,,,,,
788,United Kingdom,,,"≥ £32,277 and < £43,325",,,,
790,Germany,Between 66.000 and 76.999 EUR,,,,,,
791,United States,,,,"From $90,000 to $109,999",,,
792,United States,,,,"From $90,000 to $109,999",,,
793,United States,,,,"From $110,000 to $129,999",,,
794,United States,,,,"From $90,000 to $109,999",,,
796,United States,,,,"From $110,000 to $129,999",,,
797,United States,,,,"More than $150,000",,,
798,Germany,Between 50.000 and 54.999 EUR,,,,,,
800,United States,,,,"From $130,000 to $149,999",,,
801,United States,,,,"From $110,000 to $129,999",,,
802,United States,,,,"From $50,000 to $69,999",,,
803,United States,,,,"From $70,000 to $89,999",,,
804,United States,,,,"From $90,000 to $109,999",,,
805,United States,,,,Prefer not to say,,,
806,United States,,,,"From $70,000 to $89,999",,,
807,United States,,,,"From $90,000 to $109,999",,,
811,Germany,Between 50.000 and 54.999 EUR,,,,,,
815,United States,,,,"From $70,000 to $89,999",,,
816,United States,,,,"From $30,000 to $49,999",,,
817,United States,,,,"From $70,000 to $89,999",,,
818,United States,,,,"From $130,000 to $149,999",,,
819,United States,,,,"From $70,000 to $89,999",,,
820,United States,,,,"More than $150,000",,,
821,United States,,,,"From $90,000 to $109,999",,,
822,Australia,,,,,,,"≥ AUD 85,000 and < AUD 105,000"
824,United States,,,,"From $110,000 to $129,999",,,
825,United States,,,,"More than $150,000",,,
826,United Kingdom,,,"≥ £32,277 and < £43,325",,,,
829,United States,,,,"From $90,000 to $109,999",,,
830,United States,,,,"From $50,000 to $69,999",,,
833,United States,,,,"From $90,000 to $109,999",,,
834,United Kingdom,,,"≥ £32,277 and < £43,325",,,,
835,United States,,,,"From $110,000 to $129,999",,,
837,United States,,,,"From $50,000 to $69,999",,,
838,Netherlands,,Between 44.000 and 49.999 EUR,,,,,
839,United States,,,,"From $90,000 to $109,999",,,
841,Netherlands,,Between 55.000 and 65.999 EUR,,,,,
842,Netherlands,,Between 33.000 and 38.499 EUR,,,,,
843,United Kingdom,,,"≥ £32,277 and < £43,325",,,,
844,Germany,Between 50.000 and 54.999 EUR,,,,,,
845,Netherlands,,Between 55.000 and 65.999 EUR,,,,,
847,United States,,,,"From $90,000 to $109,999",,,
848,Netherlands,,Between 44.000 and 49.999 EUR,,,,,
849,Netherlands,,Between 33.000 and 38.499 EUR,,,,,
850,United States,,,,"From $70,000 to $89,999",,,
851,Netherlands,,Between 44.000 and 49.999 EUR,,,,,
853,Germany,Less than 27.499 EUR,,,,,,
854,Germany,Between 44.000 and 49.999 EUR,,,,,,
855,Netherlands,,Between 50.000 and 54.999 EUR,,,,,
856,Germany,Prefer not to say,,,,,,
857,South Africa,,,,,Between R 555 601 and R 708 310,,
858,South Africa,,,,,Prefer not to say,,
859,South Africa,,,,,Between R 555 601 and R 708 310,,
862,South Africa,,,,,Between R 410 461 and R 555 600,,
863,Germany,Between 33.000 and 38.499 EUR,,,,,,
866,United Kingdom,,,"≥ £24,057 and < £32,277",,,,
867,Germany,Between 55.000 and 65.999 EUR,,,,,,
871,Netherlands,,Between 55.000 and 65.999 EUR,,,,,
873,South Africa,,,,,Less than R 189 880,,
874,Germany,Less than 27.499 EUR,,,,,,
875,South Africa,,,,,Between R 708 311 and R 1 500 000,,
876,Australia,,,,,,,"≥ AUD 85,000 and < AUD 105,000"
877,New Zealand,,,,,,"≥ NZD 120,000",
878,Australia,,,,,,,"≥ AUD 85,000 and < AUD 105,000"
879,United States,,,,"From $90,000 to $109,999",,,
880,South Africa,,,,,Between R 410 461 and R 555 600,,
882,South Africa,,,,,Between R 296 541 and R 410 460,,
884,South Africa,,,,,Between R 189 881 and R 296 540,,
885,Netherlands,,Between 55.000 and 65.999 EUR,,,,,
886,Netherlands,,Prefer not to say,,,,,
887,Netherlands,,Between 38.500 and 43.999 EUR,,,,,
889,Netherlands,,Between 44.000 and 49.999 EUR,,,,,
893,New Zealand,,,,,,"≥ NZD 105,000 and < NZD 120,000",
894,South Africa,,,,,Prefer not to say,,
895,Netherlands,,Between 38.500 and 43.999 EUR,,,,,
896,United Kingdom,,,"≥ £43,325 and < £58,172",,,,
897,Australia,,,,,,,"≥ AUD 120,000"
898,New Zealand,,,,,,"≥ NZD 65,000 and < NZD 85,000",
899,New Zealand,,,,,,"≥ NZD 120,000",
900,South Africa,,,,,Between R 555 601 and R 708 310,,
901,New Zealand,,,,,,"≥ NZD 65,000 and < NZD 85,000",
904,Netherlands,,Prefer not to say,,,,,
905,United States,,,,"From $50,000 to $69,999",,,
908,New Zealand,,,,,,"≥ NZD 45,000 and < NZD 65,000",
909,United Kingdom,,,"≥ £58,172",,,,
910,South Africa,,,,,Between R 189 881 and R 296 540,,
911,New Zealand,,,,,,"≥ NZD 65,000 and < NZD 85,000",
912,Australia,,,,,,,"≥ AUD 85,000 and < AUD 105,000"
913,Australia,,,,,,,"≥ AUD 85,000 and < AUD 105,000"
914,Germany,Prefer not to say,,,,,,
915,United Kingdom,,,"≥ £32,277 and < £43,325",,,,
916,Germany,Between 55.000 and 65.999 EUR,,,,,,
917,South Africa,,,,,Prefer not to say,,
919,Germany,Between 44.000 and 49.999 EUR,,,,,,
920,Germany,Prefer not to say,,,,,,
921,Germany,Between 50.000 and 54.999 EUR,,,,,,
922,Germany,Between 66.000 and 76.999 EUR,,,,,,
923,Germany,Between 33.000 and 38.499 EUR,,,,,,
925,Germany,Between 44.000 and 49.999 EUR,,,,,,
927,Germany,Prefer not to say,,,,,,
928,Germany,Between 50.000 and 54.999 EUR,,,,,,
930,Germany,Between 33.000 and 38.499 EUR,,,,,,
932,Germany,Between 44.000 and 49.999 EUR,,,,,,
933,Germany,Between 50.000 and 54.999 EUR,,,,,,
934,Germany,Between 38.500 and 43.999 EUR,,,,,,
936,Germany,Between 44.000 and 49.999 EUR,,,,,,
937,Germany,Between 50.000 and 54.999 EUR,,,,,,
938,Germany,Between 77.000 and 109.999 EUR,,,,,,
939,Germany,Between 50.000 and 54.999 EUR,,,,,,
940,Germany,Prefer not to say,,,,,,
942,Germany,Between 55.000 and 65.999 EUR,,,,,,
943,Germany,Between 77.000 and 109.999 EUR,,,,,,
944,Germany,Between 55.000 and 65.999 EUR,,,,,,
945,Germany,Between 77.000 and 109.999 EUR,,,,,,
946,United Kingdom,,,"≥ £58,172",,,,
947,Germany,Between 55.000 and 65.999 EUR,,,,,,
948,United Kingdom,,,"≥ £32,277 and < £43,325",,,,
949,Germany,Between 38.500 and 43.999 EUR,,,,,,
950,Germany,Between 44.000 and 49.999 EUR,,,,,,
951,Germany,Between 77.000 and 109.999 EUR,,,,,,
952,South Africa,,,,,Between R 410 461 and R 555 600,,
954,Germany,Between 66.000 and 76.999 EUR,,,,,,
955,Germany,Less than 27.499 EUR,,,,,,
956,Germany,Between 38.500 and 43.999 EUR,,,,,,
957,Germany,Between 50.000 and 54.999 EUR,,,,,,
958,United States,,,,"From $110,000 to $129,999",,,
960,Germany,Between 38.500 and 43.999 EUR,,,,,,
961,Germany,Between 66.000 and 76.999 EUR,,,,,,
962,Germany,Between 50.000 and 54.999 EUR,,,,,,
964,United Kingdom,,,"≥ £43,325 and < £58,172",,,,
965,Germany,Between 55.000 and 65.999 EUR,,,,,,
966,Germany,Between 50.000 and 54.999 EUR,,,,,,
967,Australia,,,,,,,"≥ AUD 45,000 and < AUD 65,000"
969,Australia,,,,,,,"≥ AUD 120,000"
970,Australia,,,,,,,"≥ AUD 105,000 and < AUD 120,000"
971,New Zealand,,,,,,"< NZD 45,000",
972,Australia,,,,,,,"≥ AUD 85,000 and < AUD 105,000"
973,Australia,,,,,,,"≥ AUD 120,000"
975,Australia,,,,,,,"≥ AUD 105,000 and < AUD 120,000"
978,Australia,,,,,,,"≥ AUD 105,000 and < AUD 120,000"
979,Australia,,,,,,,"≥ AUD 65,000 and < AUD 85,000"
980,Australia,,,,,,,"≥ AUD 65,000 and < AUD 85,000"
982,Australia,,,,,,,"≥ AUD 120,000"
983,Netherlands,,Between 33.000 and 38.499 EUR,,,,,
984,Germany,Between 44.000 and 49.999 EUR,,,,,,
985,Australia,,,,,,,"≥ AUD 120,000"
986,Netherlands,,Prefer not to say,,,,,
990,United Kingdom,,,"≥ £32,277 and < £43,325",,,,
991,Netherlands,,Between 55.000 and 65.999 EUR,,,,,
992,United Kingdom,,,"≥ £43,325 and < £58,172",,,,
994,Netherlands,,Between 55.000 and 65.999 EUR,,,,,
996,Netherlands,,Between 77.000 and 109.999 EUR,,,,,
